count, data
0, 6
1, 10
2, 6
3, 2
4, 1
5, 4
6, 0
7, 6
8, 3
9, 1
10, 8
11, 17
12, 15
13, 13
14, 17
15, 14
16, 19
17, 20
18, 12
19, 10
20, 20
21, 28
22, 25
23, 20
24, 24
25, 26
26, 20
27, 30
28, 23
29, 30
30, 30
31, 37
32, 40
33, 33
34, 37
35, 39
36, 37
37, 38
38, 32
39, 40
40, 37
41, 50
42, 44
43, 41
44, 40
45, 50
46, 44
47, 49
48, 47
49, 46
50, 48
51, 56
52, 52
53, 52
54, 57
55, 56
56, 56
57, 55
58, 55
59, 57
60, 54
61, 64
62, 64
63, 63
64, 66
65, 69
66, 70
67, 62
68, 64
69, 61
70, 60
71, 80
72, 79
73, 74
74, 70
75, 80
76, 71
77, 72
78, 76
79, 79
80, 77
81, 81
82, 84
83, 89
84, 83
85, 89
86, 82
87, 90
88, 83
89, 87
90, 86
91, 98
92, 99
93, 98
94, 99
95, 94
96, 95
97, 99
98, 95
99, 99
100, 98
101, 103
102, 108
103, 107
104, 105
105, 107
106, 104
107, 107
108, 107
109, 108
110, 105
111, 111
112, 120
113, 117
114, 118
115, 110
116, 116
117, 120
118, 118
119, 119
120, 114
121, 122
122, 124
123, 123
124, 130
125, 123
126, 125
127, 122
128, 130
129, 128
130, 130
131, 135
132, 130
133, 135
134, 140
135, 136
136, 140
137, 133
138, 130
139, 137
140, 140
141, 145
142, 146
143, 149
144, 150
145, 144
146, 149
147, 145
148, 143
149, 147
150, 142
151, 158
152, 157
153, 154
154, 159
155, 154
156, 155
157, 151
158, 157
159, 154
160, 160
161, 166
162, 168
163, 168
164, 160
165, 167
166, 163
167, 169
168, 160
169, 161
170, 165
171, 178
172, 174
173, 170
174, 176
175, 174
176, 172
177, 172
178, 179
179, 176
180, 177
181, 189
182, 181
183, 183
184, 183
185, 188
186, 188
187, 188
188, 189
189, 184
190, 180
191, 198
192, 198
193, 198
194, 194
195, 196
196, 194
197, 197
198, 194
199, 192
200, 199
201, 207
202, 210
203, 202
204, 206
205, 203
206, 204
207, 208
208, 206
209, 201
210, 201
211, 210
212, 220
213, 210
214, 214
215, 210
216, 218
217, 220
218, 217
219, 217
220, 211
221, 227
222, 222
223, 229
224, 222
225, 226
226, 222
227, 224
228, 221
229, 225
230, 227
231, 238
232, 240
233, 234
234, 238
235, 233
236, 236
237, 232
238, 231
239, 240
240, 233
241, 240
242, 250
243, 240
244, 241
245, 241
246, 241
247, 247
248, 240
249, 248
250, 243
251, 251
252, 252
253, 254
254, 258
255, 254
256, 260
257, 259
258, 258
259, 259
260, 253
261, 262
262, 266
263, 260
264, 265
265, 262
266, 264
267, 260
268, 264
269, 263
270, 268
271, 275
272, 273
273, 277
274, 275
275, 272
276, 279
277, 274
278, 280
279, 277
280, 271
281, 280
282, 289
283, 281
284, 284
285, 284
286, 285
287, 284
288, 282
289, 281
290, 280
291, 293
292, 291
293, 297
294, 294
295, 296
296, 299
297, 296
298, 294
299, 290
300, 299
301, 301
302, 305
303, 301
304, 307
305, 308
306, 302
307, 303
308, 302
309, 301
310, 310
311, 311
312, 311
313, 316
314, 311
315, 316
316, 310
317, 314
318, 318
319, 310
320, 315
321, 328
322, 322
323, 325
324, 322
325, 324
326, 329
327, 329
328, 330
329, 323
330, 329
331, 338
332, 332
333, 331
334, 337
335, 337
336, 338
337, 339
338, 340
339, 338
340, 338
341, 348
342, 347
343, 350
344, 343
345, 348
346, 343
347, 341
348, 342
349, 340
350, 342
351, 355
352, 356
353, 354
354, 360
355, 357
356, 358
357, 359
358, 355
359, 355
360, 360
361, 362
362, 362
363, 370
364, 361
365, 367
366, 367
367, 369
368, 366
369, 364
370, 366
371, 371
372, 371
373, 371
374, 370
375, 375
376, 379
377, 371
378, 376
379, 370
380, 380
381, 386
382, 386
383, 386
384, 388
385, 383
386, 382
387, 383
388, 390
389, 385
390, 388
391, 399
392, 397
393, 398
394, 397
395, 397
396, 395
397, 393
398, 395
399, 399
400, 395
401, 410
402, 410
403, 407
404, 400
405, 409
406, 410
407, 409
408, 410
409, 403
410, 408
411, 420
412, 420
413, 411
414, 413
415, 417
416, 412
417, 413
418, 410
419, 412
420, 418
421, 426
422, 420
423, 423
424, 424
425, 427
426, 430
427, 429
428, 428
429, 422
430, 425
431, 433
432, 431
433, 434
434, 438
435, 440
436, 430
437, 437
438, 437
439, 430
440, 440
441, 444
442, 448
443, 447
444, 443
445, 440
446, 442
447, 445
448, 443
449, 440
450, 447
451, 459
452, 456
453, 456
454, 451
455, 460
456, 450
457, 450
458, 456
459, 459
460, 453
461, 460
462, 470
463, 462
464, 463
465, 465
466, 462
467, 463
468, 461
469, 469
470, 461
471, 479
472, 470
473, 479
474, 476
475, 473
476, 477
477, 476
478, 476
479, 480
480, 476
481, 483
482, 489
483, 481
484, 487
485, 488
486, 490
487, 487
488, 489
489, 485
490, 483
491, 500
492, 494
493, 492
494, 491
495, 495
496, 497
497, 491
498, 496
499, 496
500, 500
501, 508
502, 505
503, 508
504, 504
505, 509
506, 500
507, 501
508, 504
509, 507
510, 509
511, 520
512, 518
513, 517
514, 519
515, 514
516, 515
517, 518
518, 510
519, 511
520, 511
521, 524
522, 520
523, 523
524, 524
525, 530
526, 528
527, 530
528, 521
529, 523
530, 523
531, 539
532, 539
533, 536
534, 537
535, 533
536, 534
537, 535
538, 532
539, 536
540, 540
541, 540
542, 543
543, 545
544, 546
545, 540
546, 549
547, 549
548, 548
549, 548
550, 548
551, 557
552, 560
553, 556
554, 560
555, 551
556, 555
557, 555
558, 559
559, 554
560, 557
561, 562
562, 561
563, 565
564, 568
565, 568
566, 566
567, 560
568, 560
569, 568
570, 564
571, 579
572, 577
573, 578
574, 573
575, 570
576, 578
577, 572
578, 579
579, 573
580, 578
581, 586
582, 580
583, 587
584, 581
585, 588
586, 586
587, 584
588, 581
589, 585
590, 589
591, 598
592, 597
593, 600
594, 590
595, 592
596, 595
597, 597
598, 592
599, 593
600, 592
601, 607
602, 601
603, 607
604, 602
605, 605
606, 607
607, 608
608, 605
609, 603
610, 600
611, 612
612, 617
613, 619
614, 617
615, 616
616, 615
617, 610
618, 610
619, 616
620, 615
621, 627
622, 621
623, 630
624, 624
625, 621
626, 620
627, 627
628, 626
629, 622
630, 630
631, 639
632, 637
633, 631
634, 633
635, 637
636, 634
637, 630
638, 634
639, 639
640, 631
641, 643
642, 649
643, 649
644, 641
645, 643
646, 644
647, 644
648, 643
649, 642
650, 650
651, 657
652, 659
653, 650
654, 654
655, 650
656, 650
657, 654
658, 657
659, 656
660, 655
661, 665
662, 664
663, 670
664, 664
665, 666
666, 667
667, 668
668, 666
669, 669
670, 664
671, 675
672, 671
673, 670
674, 673
675, 671
676, 671
677, 678
678, 675
679, 672
680, 678
681, 683
682, 689
683, 687
684, 681
685, 683
686, 685
687, 681
688, 685
689, 682
690, 688
691, 700
692, 697
693, 700
694, 700
695, 699
696, 695
697, 696
698, 696
699, 699
700, 694
701, 708
702, 704
703, 704
704, 708
705, 705
706, 705
707, 707
708, 700
709, 708
710, 709
711, 719
712, 710
713, 716
714, 715
715, 712
716, 717
717, 720
718, 711
719, 711
720, 720
721, 727
722, 721
723, 724
724, 727
725, 720
726, 722
727, 730
728, 724
729, 726
730, 727
731, 736
732, 733
733, 739
734, 740
735, 739
736, 733
737, 732
738, 735
739, 734
740, 730
741, 744
742, 742
743, 749
744, 750
745, 745
746, 749
747, 746
748, 742
749, 740
750, 745
751, 752
752, 757
753, 756
754, 754
755, 751
756, 754
757, 757
758, 760
759, 756
760, 750
761, 766
762, 762
763, 764
764, 764
765, 770
766, 762
767, 767
768, 760
769, 766
770, 769
771, 779
772, 778
773, 770
774, 777
775, 777
776, 775
777, 776
778, 770
779, 776
780, 774
781, 785
782, 788
783, 789
784, 790
785, 790
786, 780
787, 783
788, 784
789, 790
790, 790
791, 795
792, 793
793, 800
794, 799
795, 795
796, 797
797, 799
798, 791
799, 797
800, 792
801, 800
802, 805
803, 810
804, 809
805, 800
806, 806
807, 802
808, 806
809, 804
810, 808
811, 820
812, 820
813, 813
814, 818
815, 819
816, 812
817, 816
818, 820
819, 817
820, 813
821, 827
822, 821
823, 824
824, 824
825, 828
826, 829
827, 821
828, 824
829, 820
830, 826
831, 837
832, 839
833, 840
834, 836
835, 837
836, 840
837, 830
838, 837
839, 833
840, 834
841, 844
842, 840
843, 841
844, 847
845, 846
846, 848
847, 850
848, 840
849, 848
850, 844
851, 853
852, 854
853, 855
854, 858
855, 859
856, 850
857, 854
858, 858
859, 854
860, 854
861, 861
862, 860
863, 860
864, 860
865, 867
866, 866
867, 868
868, 867
869, 862
870, 860
871, 879
872, 877
873, 879
874, 870
875, 871
876, 875
877, 878
878, 870
879, 875
880, 875
881, 884
882, 886
883, 888
884, 887
885, 881
886, 884
887, 887
888, 886
889, 890
890, 881
891, 898
892, 890
893, 900
894, 897
895, 891
896, 896
897, 892
898, 897
899, 890
900, 892
901, 906
902, 910
903, 907
904, 904
905, 908
906, 909
907, 907
908, 905
909, 909
910, 910
911, 919
912, 911
913, 916
914, 914
915, 916
916, 915
917, 918
918, 913
919, 919
920, 917
921, 922
922, 927
923, 927
924, 921
925, 921
926, 926
927, 926
928, 923
929, 923
930, 924
931, 933
932, 939
933, 931
934, 930
935, 930
936, 939
937, 939
938, 938
939, 932
940, 935
941, 947
942, 940
943, 944
944, 940
945, 944
946, 940
947, 944
948, 950
949, 941
950, 942
951, 954
952, 953
953, 957
954, 950
955, 952
956, 958
957, 955
958, 956
959, 959
960, 956
961, 960
962, 962
963, 962
964, 961
965, 962
966, 962
967, 969
968, 960
969, 968
970, 960
971, 973
972, 973
973, 970
974, 978
975, 973
976, 972
977, 978
978, 975
979, 980
980, 979
981, 988
982, 983
983, 990
984, 982
985, 983
986, 990
987, 980
988, 986
989, 986
990, 989
991, 991
992, 994
993, 999
994, 993
995, 993
996, 990
997, 994
998, 991
999, 999
1000, 991
1001, 1001
1002, 1002
1003, 1004
1004, 1010
1005, 1008
1006, 1006
1007, 1010
1008, 1005
1009, 1000
1010, 1009
1011, 1011
1012, 1016
1013, 1011
1014, 1019
1015, 1019
1016, 1013
1017, 1016
1018, 1017
1019, 1019
1020, 1011
1021, 1025
1022, 1029
1023, 1023
1024, 1022
1025, 1030
1026, 1027
1027, 1022
1028, 1023
1029, 1028
1030, 1030
1031, 1033
1032, 1038
1033, 1040
1034, 1037
1035, 1037
1036, 1037
1037, 1032
1038, 1035
1039, 1031
1040, 1031
1041, 1043
1042, 1040
1043, 1047
1044, 1045
1045, 1049
1046, 1045
1047, 1046
1048, 1042
1049, 1050
1050, 1044
1051, 1054
1052, 1053
1053, 1050
1054, 1055
1055, 1055
1056, 1050
1057, 1051
1058, 1055
1059, 1051
1060, 1058
1061, 1064
1062, 1064
1063, 1065
1064, 1063
1065, 1070
1066, 1070
1067, 1070
1068, 1070
1069, 1064
1070, 1069
1071, 1070
1072, 1076
1073, 1079
1074, 1078
1075, 1079
1076, 1075
1077, 1070
1078, 1074
1079, 1078
1080, 1070
1081, 1086
1082, 1090
1083, 1083
1084, 1087
1085, 1082
1086, 1086
1087, 1085
1088, 1084
1089, 1080
1090, 1086
1091, 1100
1092, 1095
1093, 1099
1094, 1094
1095, 1096
1096, 1098
1097, 1091
1098, 1096
1099, 1097
1100, 1094
1101, 1102
1102, 1106
1103, 1110
1104, 1110
1105, 1103
1106, 1106
1107, 1102
1108, 1101
1109, 1110
1110, 1108
1111, 1120
1112, 1115
1113, 1115
1114, 1110
1115, 1111
1116, 1118
1117, 1116
1118, 1114
1119, 1111
1120, 1115
1121, 1120
1122, 1120
1123, 1130
1124, 1127
1125, 1122
1126, 1123
1127, 1124
1128, 1121
1129, 1127
1130, 1129
1131, 1135
1132, 1140
1133, 1134
1134, 1132
1135, 1139
1136, 1135
1137, 1138
1138, 1139
1139, 1135
1140, 1135
1141, 1147
1142, 1144
1143, 1140
1144, 1141
1145, 1143
1146, 1150
1147, 1149
1148, 1147
1149, 1144
1150, 1148
1151, 1151
1152, 1152
1153, 1158
1154, 1159
1155, 1159
1156, 1158
1157, 1152
1158, 1150
1159, 1160
1160, 1159
1161, 1167
1162, 1162
1163, 1166
1164, 1161
1165, 1163
1166, 1162
1167, 1164
1168, 1169
1169, 1161
1170, 1169
1171, 1174
1172, 1178
1173, 1171
1174, 1172
1175, 1177
1176, 1174
1177, 1171
1178, 1176
1179, 1179
1180, 1173
1181, 1183
1182, 1180
1183, 1185
1184, 1190
1185, 1187
1186, 1181
1187, 1187
1188, 1187
1189, 1190
1190, 1186
1191, 1196
1192, 1197
1193, 1197
1194, 1200
1195, 1196
1196, 1200
1197, 1192
1198, 1200
1199, 1198
1200, 1193
1201, 1209
1202, 1201
1203, 1209
1204, 1210
1205, 1203
1206, 1205
1207, 1201
1208, 1203
1209, 1209
1210, 1210
1211, 1216
1212, 1212
1213, 1218
1214, 1220
1215, 1220
1216, 1215
1217, 1219
1218, 1216
1219, 1220
1220, 1219
1221, 1220
1222, 1225
1223, 1223
1224, 1227
1225, 1223
1226, 1229
1227, 1224
1228, 1225
1229, 1226
1230, 1221
1231, 1236
1232, 1234
1233, 1231
1234, 1232
1235, 1231
1236, 1232
1237, 1237
1238, 1232
1239, 1233
1240, 1234
1241, 1240
1242, 1248
1243, 1244
1244, 1248
1245, 1247
1246, 1243
1247, 1240
1248, 1245
1249, 1249
1250, 1240
1251, 1251
1252, 1257
1253, 1253
1254, 1252
1255, 1251
1256, 1256
1257, 1250
1258, 1255
1259, 1259
1260, 1257
1261, 1265
1262, 1264
1263, 1269
1264, 1266
1265, 1266
1266, 1260
1267, 1266
1268, 1261
1269, 1260
1270, 1268
1271, 1273
1272, 1270
1273, 1275
1274, 1277
1275, 1277
1276, 1271
1277, 1280
1278, 1277
1279, 1274
1280, 1276
1281, 1285
1282, 1284
1283, 1283
1284, 1287
1285, 1286
1286, 1284
1287, 1282
1288, 1285
1289, 1290
1290, 1290
1291, 1300
1292, 1292
1293, 1291
1294, 1298
1295, 1296
1296, 1296
1297, 1296
1298, 1291
1299, 1297
1300, 1297
1301, 1309
1302, 1308
1303, 1307
1304, 1303
1305, 1304
1306, 1303
1307, 1302
1308, 1303
1309, 1309
1310, 1305
1311, 1317
1312, 1313
1313, 1319
1314, 1320
1315, 1320
1316, 1314
1317, 1312
1318, 1310
1319, 1317
1320, 1320
1321, 1330
1322, 1326
1323, 1321
1324, 1329
1325, 1324
1326, 1327
1327, 1324
1328, 1328
1329, 1326
1330, 1329
1331, 1334
1332, 1333
1333, 1336
1334, 1331
1335, 1336
1336, 1340
1337, 1332
1338, 1337
1339, 1330
1340, 1330
1341, 1341
1342, 1348
1343, 1342
1344, 1350
1345, 1345
1346, 1350
1347, 1341
1348, 1347
1349, 1348
1350, 1349
1351, 1354
1352, 1355
1353, 1352
1354, 1355
1355, 1354
1356, 1356
1357, 1360
1358, 1358
1359, 1352
1360, 1356
1361, 1367
1362, 1366
1363, 1369
1364, 1362
1365, 1365
1366, 1362
1367, 1360
1368, 1368
1369, 1367
1370, 1360
1371, 1376
1372, 1378
1373, 1376
1374, 1376
1375, 1375
1376, 1371
1377, 1376
1378, 1377
1379, 1376
1380, 1373
1381, 1383
1382, 1380
1383, 1389
1384, 1385
1385, 1383
1386, 1382
1387, 1390
1388, 1381
1389, 1390
1390, 1381
1391, 1397
1392, 1394
1393, 1397
1394, 1393
1395, 1397
1396, 1390
1397, 1393
1398, 1397
1399, 1398
1400, 1390
1401, 1405
1402, 1401
1403, 1408
1404, 1410
1405, 1408
1406, 1403
1407, 1400
1408, 1403
1409, 1408
1410, 1404
1411, 1414
1412, 1410
1413, 1412
1414, 1412
1415, 1413
1416, 1414
1417, 1412
1418, 1412
1419, 1415
1420, 1410
1421, 1423
1422, 1430
1423, 1424
1424, 1429
1425, 1422
1426, 1420
1427, 1429
1428, 1425
1429, 1425
1430, 1424
1431, 1435
1432, 1439
1433, 1435
1434, 1433
1435, 1438
1436, 1430
1437, 1434
1438, 1436
1439, 1431
1440, 1431
1441, 1450
1442, 1446
1443, 1450
1444, 1440
1445, 1446
1446, 1442
1447, 1444
1448, 1447
1449, 1443
1450, 1447
1451, 1457
1452, 1456
1453, 1456
1454, 1450
1455, 1452
1456, 1458
1457, 1460
1458, 1459
1459, 1450
1460, 1452
1461, 1460
1462, 1464
1463, 1460
1464, 1464
1465, 1465
1466, 1468
1467, 1464
1468, 1469
1469, 1463
1470, 1466
1471, 1478
1472, 1471
1473, 1480
1474, 1477
1475, 1480
1476, 1475
1477, 1477
1478, 1471
1479, 1471
1480, 1480
1481, 1488
1482, 1486
1483, 1484
1484, 1483
1485, 1487
1486, 1484
1487, 1489
1488, 1484
1489, 1483
1490, 1487
1491, 1496
1492, 1493
1493, 1490
1494, 1497
1495, 1497
1496, 1495
1497, 1492
1498, 1500
1499, 1491
1500, 1496
1501, 1505
1502, 1509
1503, 1505
1504, 1504
1505, 1503
1506, 1504
1507, 1507
1508, 1500
1509, 1505
1510, 1507
1511, 1520
1512, 1512
1513, 1512
1514, 1511
1515, 1513
1516, 1517
1517, 1516
1518, 1520
1519, 1510
1520, 1519
1521, 1524
1522, 1525
1523, 1530
1524, 1525
1525, 1521
1526, 1525
1527, 1528
1528, 1523
1529, 1524
1530, 1530
1531, 1537
1532, 1537
1533, 1538
1534, 1531
1535, 1539
1536, 1540
1537, 1535
1538, 1535
1539, 1540
1540, 1538
1541, 1550
1542, 1547
1543, 1548
1544, 1540
1545, 1547
1546, 1540
1547, 1547
1548, 1542
1549, 1548
1550, 1546
1551, 1559
1552, 1552
1553, 1550
1554, 1558
1555, 1555
1556, 1551
1557, 1550
1558, 1550
1559, 1552
1560, 1554
1561, 1570
1562, 1568
1563, 1569
1564, 1566
1565, 1569
1566, 1567
1567, 1565
1568, 1562
1569, 1560
1570, 1562
1571, 1578
1572, 1580
1573, 1577
1574, 1576
1575, 1580
1576, 1573
1577, 1576
1578, 1575
1579, 1575
1580, 1572
1581, 1580
1582, 1581
1583, 1582
1584, 1589
1585, 1588
1586, 1585
1587, 1588
1588, 1588
1589, 1585
1590, 1590
1591, 1590
1592, 1595
1593, 1597
1594, 1599
1595, 1599
1596, 1594
1597, 1596
1598, 1591
1599, 1594
1600, 1596
1601, 1603
1602, 1601
1603, 1603
1604, 1608
1605, 1607
1606, 1603
1607, 1601
1608, 1601
1609, 1606
1610, 1604
1611, 1611
1612, 1614
1613, 1616
1614, 1613
1615, 1612
1616, 1613
1617, 1618
1618, 1620
1619, 1619
1620, 1610
1621, 1627
1622, 1629
1623, 1623
1624, 1624
1625, 1628
1626, 1621
1627, 1626
1628, 1623
1629, 1622
1630, 1628
1631, 1639
1632, 1633
1633, 1639
1634, 1631
1635, 1640
1636, 1634
1637, 1632
1638, 1639
1639, 1633
1640, 1636
1641, 1642
1642, 1644
1643, 1650
1644, 1646
1645, 1647
1646, 1641
1647, 1647
1648, 1642
1649, 1640
1650, 1646
1651, 1650
1652, 1658
1653, 1654
1654, 1654
1655, 1660
1656, 1651
1657, 1655
1658, 1653
1659, 1652
1660, 1656
1661, 1660
1662, 1669
1663, 1667
1664, 1667
1665, 1669
1666, 1664
1667, 1660
1668, 1660
1669, 1662
1670, 1663
1671, 1675
1672, 1673
1673, 1675
1674, 1674
1675, 1679
1676, 1680
1677, 1674
1678, 1674
1679, 1671
1680, 1672
1681, 1690
1682, 1682
1683, 1688
1684, 1681
1685, 1684
1686, 1687
1687, 1681
1688, 1687
1689, 1688
1690, 1683
1691, 1692
1692, 1696
1693, 1692
1694, 1698
1695, 1693
1696, 1690
1697, 1691
1698, 1691
1699, 1699
1700, 1692
1701, 1703
1702, 1701
1703, 1705
1704, 1708
1705, 1706
1706, 1701
1707, 1708
1708, 1708
1709, 1705
1710, 1707
1711, 1720
1712, 1712
1713, 1717
1714, 1718
1715, 1714
1716, 1710
1717, 1712
1718, 1713
1719, 1718
1720, 1719
1721, 1724
1722, 1728
1723, 1724
1724, 1726
1725, 1723
1726, 1727
1727, 1724
1728, 1725
1729, 1729
1730, 1721
1731, 1737
1732, 1740
1733, 1730
1734, 1740
1735, 1737
1736, 1734
1737, 1730
1738, 1732
1739, 1731
1740, 1736
1741, 1750
1742, 1741
1743, 1748
1744, 1744
1745, 1747
1746, 1750
1747, 1745
1748, 1749
1749, 1742
1750, 1740
1751, 1757
1752, 1757
1753, 1758
1754, 1760
1755, 1750
1756, 1751
1757, 1756
1758, 1753
1759, 1754
1760, 1752
1761, 1762
1762, 1769
1763, 1761
1764, 1762
1765, 1768
1766, 1767
1767, 1767
1768, 1768
1769, 1769
1770, 1766
1771, 1771
1772, 1776
1773, 1777
1774, 1778
1775, 1770
1776, 1771
1777, 1777
1778, 1773
1779, 1779
1780, 1778
1781, 1783
1782, 1783
1783, 1782
1784, 1789
1785, 1782
1786, 1780
1787, 1788
1788, 1789
1789, 1783
1790, 1790
1791, 1799
1792, 1793
1793, 1798
1794, 1799
1795, 1794
1796, 1793
1797, 1793
1798, 1799
1799, 1800
1800, 1800
1801, 1804
1802, 1800
1803, 1806
1804, 1810
1805, 1808
1806, 1804
1807, 1800
1808, 1803
1809, 1807
1810, 1809
1811, 1810
1812, 1818
